case_id,family,group,k,p,metric,independent_rounds,median_of_round_medians,q1_round_medians,q3_round_medians,iqr_round_medians,bootstrap95_low,bootstrap95_high,min_round_median,max_round_median,cv_round_medians
H64_FW64_J01,lattice,fixed_witness_partition,64,1,online_sign_ms,10,134.962,134.792,135.2005,0.40850000000000364,134.58175,135.3915,134.12349999999998,136.411,0.004830910196240242
H64_FW64_J01,lattice,fixed_witness_partition,64,1,online_verify_ms,10,13.934975,13.9099875,13.945475,0.03548750000000034,13.9088,13.95075,13.89435,14.0166,0.0025356174977377395
H64_FW64_J01,lattice,fixed_witness_partition,64,1,samplepre_ms,10,134.74175,134.57475,134.982375,0.4076249999999959,134.35425,135.17174999999997,133.87650000000002,136.1645,0.004838239341352475
H64_FW64_J04,lattice,fixed_witness_partition,64,4,online_sign_ms,10,134.847,134.72424999999998,135.164375,0.4401250000000232,134.57600000000002,135.2055,134.324,135.56799999999998,0.002843035450744141
H64_FW64_J04,lattice,fixed_witness_partition,64,4,online_verify_ms,10,13.9162,13.912612500000002,13.919175000000001,0.0065624999999993605,13.91205,13.9199,13.9031,13.93985,0.0006815495425951289
H64_FW64_J04,lattice,fixed_witness_partition,64,4,samplepre_ms,10,134.629,134.48787500000003,134.94412499999999,0.4562499999999545,134.33300000000003,134.9855,134.10399999999998,135.346,0.002855879521242671
H64_FW64_J16,lattice,fixed_witness_partition,64,16,online_sign_ms,10,133.1075,132.735125,133.51475,0.7796249999999816,132.60925000000003,133.56,132.3705,133.8485,0.0037825864948947407
H64_FW64_J16,lattice,fixed_witness_partition,64,16,online_verify_ms,10,13.918299999999999,13.902025,13.926337499999999,0.02431249999999885,13.8999,13.931775,13.8963,13.9454,0.001225849010679723
H64_FW64_J16,lattice,fixed_witness_partition,64,16,samplepre_ms,10,132.88600000000002,132.5115,133.280125,0.7686249999999859,132.388,133.321,132.13150000000002,133.6295,0.0038042024131726914
H64_FW64_J64,lattice,fixed_witness_partition,64,64,online_sign_ms,10,135.17625,134.623375,135.61012499999998,0.9867499999999723,134.55725,135.686,134.1495,136.329,0.005121872569238855
H64_FW64_J64,lattice,fixed_witness_partition,64,64,online_verify_ms,10,13.92815,13.916825,13.945150000000002,0.028325000000002376,13.915299999999998,13.947600000000001,13.898700000000002,13.98365,0.0017509594300367944
H64_FW64_J64,lattice,fixed_witness_partition,64,64,samplepre_ms,10,134.95725,134.395,135.37075,0.9757499999999766,134.3205,135.45925,133.92950000000002,136.09500000000003,0.005120479663715131
