k,proposed_bytes,per_attribute_mldsa_bytes,periodic_mldsa_bytes,proposed_minus_pa,proposed_smaller_than_pa
1,78408,2460,2460,75948,0
2,78408,4880,2460,73528,0
3,78408,7300,2460,71108,0
4,78408,9720,2460,68688,0
5,78408,12140,2460,66268,0
6,78408,14560,2460,63848,0
7,78408,16980,2460,61428,0
8,78408,19400,2460,59008,0
9,78408,21820,2460,56588,0
10,78408,24240,2460,54168,0
11,78408,26660,2460,51748,0
12,78408,29080,2460,49328,0
13,78408,31500,2460,46908,0
14,78408,33920,2460,44488,0
15,78408,36340,2460,42068,0
16,78408,38760,2460,39648,0
17,78408,41180,2460,37228,0
18,78408,43600,2460,34808,0
19,78408,46020,2460,32388,0
20,78408,48440,2460,29968,0
21,78408,50860,2460,27548,0
22,78408,53280,2460,25128,0
23,78408,55700,2460,22708,0
24,78408,58120,2460,20288,0
25,78408,60540,2460,17868,0
26,78408,62960,2460,15448,0
27,78408,65380,2460,13028,0
28,78408,67800,2460,10608,0
29,78408,70220,2460,8188,0
30,78408,72640,2460,5768,0
31,78408,75060,2460,3348,0
32,78408,77480,2460,928,0
33,78408,79900,2460,-1492,1
34,78408,82320,2460,-3912,1
35,78408,84740,2460,-6332,1
36,78408,87160,2460,-8752,1
37,78408,89580,2460,-11172,1
38,78408,92000,2460,-13592,1
39,78408,94420,2460,-16012,1
40,78408,96840,2460,-18432,1
41,78408,99260,2460,-20852,1
42,78408,101680,2460,-23272,1
43,78408,104100,2460,-25692,1
44,78408,106520,2460,-28112,1
45,78408,108940,2460,-30532,1
46,78408,111360,2460,-32952,1
47,78408,113780,2460,-35372,1
48,78408,116200,2460,-37792,1
49,78408,118620,2460,-40212,1
50,78408,121040,2460,-42632,1
51,78408,123460,2460,-45052,1
52,78408,125880,2460,-47472,1
53,78408,128300,2460,-49892,1
54,78408,130720,2460,-52312,1
55,78408,133140,2460,-54732,1
56,78408,135560,2460,-57152,1
57,78408,137980,2460,-59572,1
58,78408,140400,2460,-61992,1
59,78408,142820,2460,-64412,1
60,78408,145240,2460,-66832,1
61,78408,147660,2460,-69252,1
62,78408,150080,2460,-71672,1
63,78408,152500,2460,-74092,1
64,78408,154920,2460,-76512,1
