architecture,k,rounds,median_ratio,q1,q3,iqr,bootstrap95_low,bootstrap95_high
Per-attribute ML-DSA,1,10,1.0,1.0,1.0,0.0,1.0,1.0
Per-attribute ML-DSA,8,10,10.341019993557996,9.885810772595303,10.40198115673893,0.5161703841436278,9.708214719742212,10.406170212765959
Per-attribute ML-DSA,16,10,20.474653931105834,19.86925434050068,21.04694387554451,1.1776895350438288,19.427628020787758,21.258523255669097
Per-attribute ML-DSA,32,10,40.954201748033086,39.97389344998322,42.32039622864584,2.346502778662618,39.58975868662006,42.41739310917393
Per-attribute ML-DSA,33,10,42.87393003697592,41.335456467389335,43.91208114217625,2.5766246747869133,41.12382123621467,44.36418722795189
Per-attribute ML-DSA,48,10,62.70718993043542,60.2321057040504,64.33630790563755,4.104202201587157,59.126890870129145,64.65063829787235
Per-attribute ML-DSA,64,10,84.56315142872049,80.00482801440505,85.84692949950646,5.842101485101409,78.28306775315465,86.12538860103626
Proposed scheme,1,10,1.0,1.0,1.0,0.0,1.0,1.0
Proposed scheme,8,10,0.987013271602864,0.983775328756763,0.988104454299547,0.004329125542783974,0.9823470608544271,0.9889429851425383
Proposed scheme,16,10,0.9770293180671075,0.9764710760402253,0.9774741092823898,0.0010030332421644417,0.9761593854313318,0.9777811276831019
Proposed scheme,32,10,0.9590442434073041,0.9559253305042377,0.9619494129037657,0.006024082399528008,0.9551482651477837,0.9620695274709808
Proposed scheme,33,10,0.9590051276305012,0.9560787816598504,0.9601118625517785,0.004033080891928109,0.9559138713973212,0.9602254458098491
Proposed scheme,48,10,0.9594093994331715,0.9573671073771555,0.9615521204507551,0.004185013073599642,0.9569046998846426,0.9619063099138901
Proposed scheme,64,10,0.9989067094237556,0.9954266233879057,1.001879571486414,0.006452948098508271,0.9949276806875318,1.0024420342107805
