case_id,family,group,k,p,matrix,expected_trials
H64_XD_K01,lattice,scale_cross_domain,1,1,config/cases/H64_XD_K01.csv,100
H64_XD_K08,lattice,scale_cross_domain,8,8,config/cases/H64_XD_K08.csv,100
H64_XD_K16,lattice,scale_cross_domain,16,16,config/cases/H64_XD_K16.csv,100
H64_XD_K32,lattice,scale_cross_domain,32,32,config/cases/H64_XD_K32.csv,100
H64_XD_K33,lattice,scale_cross_domain,33,33,config/cases/H64_XD_K33.csv,100
H64_XD_K48,lattice,scale_cross_domain,48,48,config/cases/H64_XD_K48.csv,100
H64_XD_K64,lattice,scale_cross_domain,64,64,config/cases/H64_XD_K64.csv,100
H64_FW64_J01,lattice,fixed_witness_partition,64,1,config/cases/H64_FW64_J01.csv,100
H64_FW64_J04,lattice,fixed_witness_partition,64,4,config/cases/H64_FW64_J04.csv,100
H64_FW64_J16,lattice,fixed_witness_partition,64,16,config/cases/H64_FW64_J16.csv,100
H64_FW64_J64,lattice,fixed_witness_partition,64,64,config/cases/H64_FW64_J64.csv,100
PA_K01,baseline,per_attribute_mldsa,1,1,config/cases/PA_K01.csv,100
PA_K08,baseline,per_attribute_mldsa,8,8,config/cases/PA_K08.csv,100
PA_K16,baseline,per_attribute_mldsa,16,16,config/cases/PA_K16.csv,100
PA_K32,baseline,per_attribute_mldsa,32,32,config/cases/PA_K32.csv,100
PA_K33,baseline,per_attribute_mldsa,33,33,config/cases/PA_K33.csv,100
PA_K48,baseline,per_attribute_mldsa,48,48,config/cases/PA_K48.csv,100
PA_K64,baseline,per_attribute_mldsa,64,64,config/cases/PA_K64.csv,100
PER_K64,baseline,periodic_mldsa,64,64,config/cases/PER_K64.csv,100
