case_id,baseline,witness_size,participating_authorities,authorities,merkle_leaves,warmups,trials,cold_trials
PER_K01,periodic_mldsa,1,1,1,1,5,500,10
PER_K02,periodic_mldsa,2,2,2,1,5,500,10
PER_K04,periodic_mldsa,4,4,4,1,5,500,10
PER_K08,periodic_mldsa,8,8,8,1,5,500,10
PER_K16,periodic_mldsa,16,16,16,1,5,500,10
PER_K24,periodic_mldsa,24,24,24,1,5,500,10
PER_K32,periodic_mldsa,32,32,32,1,5,1000,10
PER_K33,periodic_mldsa,33,33,33,1,5,1000,10
PER_K48,periodic_mldsa,48,48,48,1,5,500,10
PER_K64,periodic_mldsa,64,64,64,1,5,1000,10
PA_K01,per_attribute_mldsa,1,1,1,1,5,500,10
PA_K02,per_attribute_mldsa,2,2,2,1,5,500,10
PA_K04,per_attribute_mldsa,4,4,4,1,5,500,10
PA_K08,per_attribute_mldsa,8,8,8,1,5,500,10
PA_K16,per_attribute_mldsa,16,16,16,1,5,500,10
PA_K24,per_attribute_mldsa,24,24,24,1,5,500,10
PA_K32,per_attribute_mldsa,32,32,32,1,5,1000,10
PA_K33,per_attribute_mldsa,33,33,33,1,5,1000,10
PA_K48,per_attribute_mldsa,48,48,48,1,5,500,10
PA_K64,per_attribute_mldsa,64,64,64,1,5,1000,10
