profile,k,proof_pack_bits,e_bytes,lattice_fresh_core_e_rsig,lattice_complete_thin,perattr_fresh_signatures,perattr_complete_thin,periodic_complete_thin
H32,1,33,76032,76064,76104,2420,2460,2460
H32,2,33,76032,76064,76104,4840,4880,2460
H32,3,33,76032,76064,76104,7260,7300,2460
H32,4,33,76032,76064,76104,9680,9720,2460
H32,5,33,76032,76064,76104,12100,12140,2460
H32,6,33,76032,76064,76104,14520,14560,2460
H32,7,33,76032,76064,76104,16940,16980,2460
H32,8,33,76032,76064,76104,19360,19400,2460
H32,9,33,76032,76064,76104,21780,21820,2460
H32,10,33,76032,76064,76104,24200,24240,2460
H32,11,33,76032,76064,76104,26620,26660,2460
H32,12,33,76032,76064,76104,29040,29080,2460
H32,13,33,76032,76064,76104,31460,31500,2460
H32,14,33,76032,76064,76104,33880,33920,2460
H32,15,33,76032,76064,76104,36300,36340,2460
H32,16,33,76032,76064,76104,38720,38760,2460
H32,17,33,76032,76064,76104,41140,41180,2460
H32,18,33,76032,76064,76104,43560,43600,2460
H32,19,33,76032,76064,76104,45980,46020,2460
H32,20,33,76032,76064,76104,48400,48440,2460
H32,21,33,76032,76064,76104,50820,50860,2460
H32,22,33,76032,76064,76104,53240,53280,2460
H32,23,33,76032,76064,76104,55660,55700,2460
H32,24,33,76032,76064,76104,58080,58120,2460
H32,25,33,76032,76064,76104,60500,60540,2460
H32,26,33,76032,76064,76104,62920,62960,2460
H32,27,33,76032,76064,76104,65340,65380,2460
H32,28,33,76032,76064,76104,67760,67800,2460
H32,29,33,76032,76064,76104,70180,70220,2460
H32,30,33,76032,76064,76104,72600,72640,2460
H32,31,33,76032,76064,76104,75020,75060,2460
H32,32,33,76032,76064,76104,77440,77480,2460
H64,1,34,78336,78368,78408,2420,2460,2460
H64,2,34,78336,78368,78408,4840,4880,2460
H64,3,34,78336,78368,78408,7260,7300,2460
H64,4,34,78336,78368,78408,9680,9720,2460
H64,5,34,78336,78368,78408,12100,12140,2460
H64,6,34,78336,78368,78408,14520,14560,2460
H64,7,34,78336,78368,78408,16940,16980,2460
H64,8,34,78336,78368,78408,19360,19400,2460
H64,9,34,78336,78368,78408,21780,21820,2460
H64,10,34,78336,78368,78408,24200,24240,2460
H64,11,34,78336,78368,78408,26620,26660,2460
H64,12,34,78336,78368,78408,29040,29080,2460
H64,13,34,78336,78368,78408,31460,31500,2460
H64,14,34,78336,78368,78408,33880,33920,2460
H64,15,34,78336,78368,78408,36300,36340,2460
H64,16,34,78336,78368,78408,38720,38760,2460
H64,17,34,78336,78368,78408,41140,41180,2460
H64,18,34,78336,78368,78408,43560,43600,2460
H64,19,34,78336,78368,78408,45980,46020,2460
H64,20,34,78336,78368,78408,48400,48440,2460
H64,21,34,78336,78368,78408,50820,50860,2460
H64,22,34,78336,78368,78408,53240,53280,2460
H64,23,34,78336,78368,78408,55660,55700,2460
H64,24,34,78336,78368,78408,58080,58120,2460
H64,25,34,78336,78368,78408,60500,60540,2460
H64,26,34,78336,78368,78408,62920,62960,2460
H64,27,34,78336,78368,78408,65340,65380,2460
H64,28,34,78336,78368,78408,67760,67800,2460
H64,29,34,78336,78368,78408,70180,70220,2460
H64,30,34,78336,78368,78408,72600,72640,2460
H64,31,34,78336,78368,78408,75020,75060,2460
H64,32,34,78336,78368,78408,77440,77480,2460
H64,33,34,78336,78368,78408,79860,79900,2460
H64,34,34,78336,78368,78408,82280,82320,2460
H64,35,34,78336,78368,78408,84700,84740,2460
H64,36,34,78336,78368,78408,87120,87160,2460
H64,37,34,78336,78368,78408,89540,89580,2460
H64,38,34,78336,78368,78408,91960,92000,2460
H64,39,34,78336,78368,78408,94380,94420,2460
H64,40,34,78336,78368,78408,96800,96840,2460
H64,41,34,78336,78368,78408,99220,99260,2460
H64,42,34,78336,78368,78408,101640,101680,2460
H64,43,34,78336,78368,78408,104060,104100,2460
H64,44,34,78336,78368,78408,106480,106520,2460
H64,45,34,78336,78368,78408,108900,108940,2460
H64,46,34,78336,78368,78408,111320,111360,2460
H64,47,34,78336,78368,78408,113740,113780,2460
H64,48,34,78336,78368,78408,116160,116200,2460
H64,49,34,78336,78368,78408,118580,118620,2460
H64,50,34,78336,78368,78408,121000,121040,2460
H64,51,34,78336,78368,78408,123420,123460,2460
H64,52,34,78336,78368,78408,125840,125880,2460
H64,53,34,78336,78368,78408,128260,128300,2460
H64,54,34,78336,78368,78408,130680,130720,2460
H64,55,34,78336,78368,78408,133100,133140,2460
H64,56,34,78336,78368,78408,135520,135560,2460
H64,57,34,78336,78368,78408,137940,137980,2460
H64,58,34,78336,78368,78408,140360,140400,2460
H64,59,34,78336,78368,78408,142780,142820,2460
H64,60,34,78336,78368,78408,145200,145240,2460
H64,61,34,78336,78368,78408,147620,147660,2460
H64,62,34,78336,78368,78408,150040,150080,2460
H64,63,34,78336,78368,78408,152460,152500,2460
H64,64,34,78336,78368,78408,154880,154920,2460
